ContactID,First name,Last name,Company
PP11054,Vita,Houndsom,txq25582
PP30764,Maurits,Lennarde,wxy77365
PP77187,Heriberto,Wren,dfy29816
PP86324,Gregory,Reen,kzx45321
PP49550,Harp,McCaskill,lpb64797
PP64089,Erroll,Aubin,yyk04544
PP41252,Amity,Comusso,tuo68781
PP03518,Brandice,Stopps,kcb00365
PP67786,Shayna,Dunkirk,bab05317
PP70342,Melina,Pie,zos34433
PP17465,Margalo,Gullan,txq25582
PP74892,Traver,Alvarez,wxy77365
PP71212,Emelita,Wise,dfy29816
PP28089,Jocelyn,Ewins,kzx45321
PP76756,Netti,Gian,lpb64797
PP09552,Annie,Summerson,yyk04544
PP57004,Rozelle,Dabes,tuo68781
PP66441,Ev,Wheeldon,kcb00365
PP28176,Idell,Udall,bab05317
PP20723,Analiese,Smalley,zos34433
PP43668,Teddy,Evanson,txq25582
PP11316,Hamil,Bedome,wxy77365
PP41143,Montgomery,Fordyce,dfy29816
PP15665,Vicky,Ledwith,kzx45321
PP72178,Rhona,Strippling,lpb64797
